{
  "MAE": 0.13181884586811066,
  "RMSE": 0.17011227847000857,
  "MAPE": 1452.790771484375,
  "R2": 0.36146080493927,
  "NRMSE": 0.9174103664238945
}