{
  "MAE": 0.1335974484682083,
  "RMSE": 0.17095843760494753,
  "MAPE": 1391.421142578125,
  "R2": 0.3550926446914673,
  "NRMSE": 0.9219736770151058
}