{
  "MAE": 0.10361242294311523,
  "RMSE": 0.17130314454812856,
  "MAPE": 416.4941711425781,
  "R2": 0.3524893522262573,
  "NRMSE": 0.9238326711212151
}