{
  "MAE": 0.12669461965560913,
  "RMSE": 0.1661827480379916,
  "MAPE": 1283.94091796875,
  "R2": 0.3906201124191284,
  "NRMSE": 0.8962185277986414
}