{
  "3 Basis": {
    "MAE": 0.13637861609458923,
    "RMSE": 0.16912779572178646,
    "MAPE": 1601.4171142578125,
    "R2": 0.36883020401000977,
    "NRMSE": 0.9121010807749831
  },
  "5 Basis": {
    "MAE": 0.12634038925170898,
    "RMSE": 0.16502357161916073,
    "MAPE": 1298.26318359375,
    "R2": 0.3990916609764099,
    "NRMSE": 0.8899671244742362
  },
  "7 Basis": {
    "MAE": 0.1329101026058197,
    "RMSE": 0.17199468780231966,
    "MAPE": 1418.2232666015625,
    "R2": 0.3472508192062378,
    "NRMSE": 0.9275621429496539
  }
}