{
  "Spatial Only": {
    "MAE": 0.14725267887115479,
    "RMSE": 0.18150463961616578,
    "MAPE": 1666.3807373046875,
    "R2": 0.2730714678764343,
    "NRMSE": 0.9788490250999763
  },
  "Spatial + Wake": {
    "MAE": 0.13936585187911987,
    "RMSE": 0.1778729914795101,
    "MAPE": 1466.1649169921875,
    "R2": 0.30187004804611206,
    "NRMSE": 0.9592636566730915
  },
  "All Edge Types": {
    "MAE": 0.14164644479751587,
    "RMSE": 0.1783528414217581,
    "MAPE": 1510.7349853515625,
    "R2": 0.29809826612472534,
    "NRMSE": 0.961851472880749
  }
}