{
  "MAE": 0.14164644479751587,
  "RMSE": 0.1783528414217581,
  "MAPE": 1510.7349853515625,
  "R2": 0.29809826612472534,
  "NRMSE": 0.961851472880749
}